Lat,Long,Zone,Type
364915.780000000027940,7753430.120000000111759,24K,"1"
365007.570000000006985,7753390.440000000409782,24K,"1"
365099.380000000004657,7753350.790000000037253,24K,"1"
365191.520000000018626,7753311.959999999962747,24K,"1"
365284.320000000006985,7753274.690000000409782,24K,"1"
365377.700000000011642,7753238.910000000149012,24K,"1"
365468.150000000023283,7753196.599999999627471,24K,"1"
365551.250000000000000,7753141.129999999888241,24K,"1"
365625.640000000013970,7753074.440000000409782,24K,"1"
365689.570000000006985,7752997.669999999925494,24K,"1"
365741.260000000009313,7752912.169999999925494,24K,"1"
365779.739999999990687,7752819.980000000447035,24K,"1"
365814.020000000018626,7752726.040000000037253,24K,"1"
365847.770000000018626,7752631.900000000372529,24K,"1"
365881.140000000013970,7752537.639999999664724,24K,"1"
365914.570000000006985,7752443.389999999664724,24K,"1"
365948.010000000009313,7752349.139999999664724,24K,"1"
365981.520000000018626,7752254.929999999701977,24K,"1"
366015.059999999997672,7752160.719999999739230,24K,"1"
366044.700000000011642,7752065.349999999627471,24K,"1"
366060.210000000020955,7751966.629999999888241,24K,"1"
366063.349999999976717,7751866.740000000223517,24K,"1"
366054.049999999988358,7751767.240000000223517,24K,"1"
366034.599999999976717,7751669.160000000149012,24K,"1"
366016.450000000011642,7751570.830000000074506,24K,"1"
366000.809999999997672,7751472.059999999590218,24K,"1"
365987.859999999986030,7751372.910000000149012,24K,"1"
365975.750000000000000,7751273.639999999664724,24K,"1"
365963.640000000013970,7751174.379999999888241,24K,"1"
365951.520000000018626,7751075.110000000335276,24K,"1"
365938.830000000016298,7750975.929999999701977,24K,"1"
365925.010000000009313,7750876.889999999664724,24K,"1"
365913.010000000009313,7750777.610000000335276,24K,"1"
365902.789999999979045,7750678.139999999664724,24K,"1"
365880.179999999993015,7750581.389999999664724,24K,"1"
365820.390000000013970,7750502.200000000186265,24K,"1"
365735.530000000027940,7750449.730000000447035,24K,"1"
365648.250000000000000,7750400.910000000149012,24K,"1"
365562.630000000004657,7750349.250000000000000,24K,"1"
365477.940000000002328,7750296.089999999850988,24K,"1"
365391.229999999981374,7750246.290000000037253,24K,"1"
365302.969999999972060,7750199.299999999813735,24K,"1"
365213.969999999972060,7750153.719999999739230,24K,"1"
365128.349999999976717,7750102.120000000111759,24K,"1"
365050.330000000016298,7750041.129999999888241,24K,"1"
365028.330000000016298,7749944.110000000335276,24K,"1"
365013.950000000011642,7749845.160000000149012,24K,"1"
365001.390000000013970,7749745.969999999739230,24K,"1"
364985.729999999981374,7749647.200000000186265,24K,"1"
364969.679999999993015,7749548.500000000000000,24K,"1"
364953.260000000009313,7749449.860000000335276,24K,"1"
364948.380000000004657,7749350.780000000260770,24K,"1"
364972.070000000006985,7749253.639999999664724,24K,"1"
364996.750000000000000,7749156.740000000223517,24K,"1"
365016.109999999986030,7749059.030000000260770,24K,"1"
365002.869999999995343,7748960.240000000223517,24K,"1"
364983.130000000004657,7748862.200000000186265,24K,"1"
364962.669999999983702,7748764.320000000298023,24K,"1"
364946.369999999995343,7748665.669999999925494,24K,"1"
364930.849999999976717,7748566.919999999925494,24K,"1"
364913.640000000013970,7748468.490000000223517,24K,"1"
364883.570000000006985,7748373.540000000037253,24K,"1"
364825.559999999997672,7748292.549999999813735,24K,"1"
364762.169999999983702,7748215.200000000186265,24K,"1"
364699.169999999983702,7748137.549999999813735,24K,"1"
364636.549999999988358,7748059.580000000074506,24K,"1"
364573.359999999986030,7747982.080000000074506,24K,"1"
364509.750000000000000,7747904.919999999925494,24K,"1"
364446.140000000013970,7747827.750000000000000,24K,"1"
364382.539999999979045,7747750.589999999850988,24K,"1"
364319.630000000004657,7747672.849999999627471,24K,"1"
364258.619999999995343,7747593.700000000186265,24K,"1"
364206.390000000013970,7747508.559999999590218,24K,"1"
364161.000000000000000,7747419.450000000186265,24K,"1"
364116.000000000000000,7747330.150000000372529,24K,"1"
364070.989999999990687,7747240.849999999627471,24K,"1"
364025.989999999990687,7747151.549999999813735,24K,"1"
363980.989999999990687,7747062.250000000000000,24K,"1"
363935.979999999981374,7746972.940000000409782,24K,"1"
363890.679999999993015,7746883.790000000037253,24K,"1"
363845.359999999986030,7746794.650000000372529,24K,"1"
363800.039999999979045,7746705.519999999552965,24K,"1"
363754.710000000020955,7746616.379999999888241,24K,"1"
363709.390000000013970,7746527.240000000223517,24K,"1"
363664.070000000006985,7746438.099999999627471,24K,"1"
363618.750000000000000,7746348.959999999962747,24K,"1"
363573.429999999993015,7746259.809999999590218,24K,"1"
363528.119999999995343,7746170.669999999925494,24K,"1"
363482.840000000025611,7746081.509999999776483,24K,"1"
363437.559999999997672,7745992.339999999850988,24K,"1"
363392.289999999979045,7745903.179999999701977,24K,"1"
363348.400000000023283,7745813.330000000074506,24K,"1"
363305.340000000025611,7745723.080000000074506,24K,"1"
363262.280000000027940,7745632.830000000074506,24K,"1"
363219.219999999972060,7745542.570000000298023,24K,"1"
363175.289999999979045,7745452.740000000223517,24K,"1"
363131.010000000009313,7745363.080000000074506,24K,"1"
363086.719999999972060,7745273.419999999925494,24K,"1"
363042.650000000023283,7745183.660000000149012,24K,"1"
362999.289999999979045,7745093.540000000037253,24K,"1"
362955.929999999993015,7745003.429999999701977,24K,"1"
362912.570000000006985,7744913.320000000298023,24K,"1"
362869.219999999972060,7744823.209999999962747,24K,"1"
362814.969999999972060,7744739.750000000000000,24K,"1"
362753.150000000023283,7744661.139999999664724,24K,"1"
362689.469999999972060,7744584.049999999813735,24K,"1"
362624.739999999990687,7744507.910000000149012,24K,"1"
362561.710000000020955,7744430.650000000372529,24K,"1"
362480.859999999986030,7744372.280000000260770,24K,"1"
362401.429999999993015,7744311.830000000074506,24K,"1"
362335.950000000011642,7744236.480000000447035,24K,"1"
362285.580000000016298,7744150.179999999701977,24K,"1"
362235.599999999976717,7744063.570000000298023,24K,"1"
362174.200000000011642,7743984.929999999701977,24K,"1"
362109.659999999974389,7743908.540000000037253,24K,"1"
362045.119999999995343,7743832.160000000149012,24K,"1"
361980.580000000016298,7743755.769999999552965,24K,"1"
361914.429999999993015,7743680.929999999701977,24K,"1"
361844.919999999983702,7743609.099999999627471,24K,"1"
361782.940000000002328,7743530.679999999701977,24K,"1"
361729.119999999995343,7743446.459999999962747,24K,"1"
361683.859999999986030,7743357.330000000074506,24K,"1"
361647.880000000004657,7743264.080000000074506,24K,"1"
361621.239999999990687,7743167.740000000223517,24K,"1"
361603.950000000011642,7743069.269999999552965,24K,"1"
361589.049999999988358,7742970.389999999664724,24K,"1"
361573.700000000011642,7742871.570000000298023,24K,"1"
361558.030000000027940,7742772.809999999590218,24K,"1"
361542.020000000018626,7742674.099999999627471,24K,"1"
361525.469999999972060,7742575.480000000447035,24K,"1"
361508.590000000025611,7742476.910000000149012,24K,"1"
361491.390000000013970,7742378.400000000372529,24K,"1"
361473.719999999972060,7742279.980000000447035,24K,"1"
361461.250000000000000,7742180.799999999813735,24K,"1"
361449.119999999995343,7742081.540000000037253,24K,"1"
361435.489999999990687,7741982.480000000447035,24K,"1"
361420.190000000002328,7741883.660000000149012,24K,"1"
361403.400000000023283,7741785.080000000074506,24K,"2"
361384.950000000011642,7741686.799999999813735,24K,"2"
361368.049999999988358,7741588.240000000223517,24K,"2"
361351.840000000025611,7741489.570000000298023,24K,"2"
361335.630000000004657,7741390.889999999664724,24K,"2"
361319.419999999983702,7741292.209999999962747,24K,"2"
361303.219999999972060,7741193.530000000260770,24K,"2"
361287.010000000009313,7741094.849999999627471,24K,"2"
361270.799999999988358,7740996.179999999701977,24K,"2"
361254.590000000025611,7740897.500000000000000,24K,"2"
361238.390000000013970,7740798.820000000298023,24K,"2"
361222.179999999993015,7740700.139999999664724,24K,"2"
361205.969999999972060,7740601.459999999962747,24K,"2"
361189.770000000018626,7740502.790000000037253,24K,"2"
361173.559999999997672,7740404.110000000335276,24K,"2"
361157.349999999976717,7740305.429999999701977,24K,"2"
361141.140000000013970,7740206.750000000000000,24K,"2"
361124.940000000002328,7740108.080000000074506,24K,"2"
361108.729999999981374,7740009.400000000372529,24K,"2"
361092.520000000018626,7739910.719999999739230,24K,"2"
361076.309999999997672,7739812.040000000037253,24K,"2"
361060.109999999986030,7739713.360000000335276,24K,"2"
361043.900000000023283,7739614.690000000409782,24K,"2"
361027.690000000002328,7739516.009999999776483,24K,"2"
361011.489999999990687,7739417.330000000074506,24K,"2"
360995.280000000027940,7739318.650000000372529,24K,"2"
360979.070000000006985,7739219.969999999739230,24K,"2"
360962.859999999986030,7739121.299999999813735,24K,"2"
360946.659999999974389,7739022.620000000111759,24K,"2"
360930.450000000011642,7738923.940000000409782,24K,"2"
360914.239999999990687,7738825.259999999776483,24K,"2"
360898.039999999979045,7738726.580000000074506,24K,"2"
360881.830000000016298,7738627.910000000149012,24K,"2"
360865.619999999995343,7738529.230000000447035,24K,"2"
360849.409999999974389,7738430.549999999813735,24K,"2"
360838.549999999988358,7738331.250000000000000,24K,"2"
360819.890000000013970,7738233.080000000074506,24K,"2"
360787.950000000011642,7738138.410000000149012,24K,"2"
360743.510000000009313,7738048.919999999925494,24K,"2"
360687.380000000004657,7737966.250000000000000,24K,"1"
360621.049999999988358,7737891.469999999739230,24K,"1"
360552.840000000025611,7737818.349999999627471,24K,"1"
360484.960000000020955,7737744.919999999925494,24K,"1"
360417.309999999997672,7737671.269999999552965,24K,"1"
360349.880000000004657,7737597.429999999701977,24K,"1"
360282.719999999972060,7737523.339999999850988,24K,"1"
360213.150000000023283,7737451.530000000260770,24K,"1"
360144.640000000013970,7737378.679999999701977,24K,"1"
360078.020000000018626,7737304.110000000335276,24K,"1"
360013.309999999997672,7737227.879999999888241,24K,"1"
359950.559999999997672,7737150.019999999552965,24K,"1"
359889.809999999997672,7737070.589999999850988,24K,"1"
359832.919999999983702,7736988.389999999664724,24K,"1"
359777.640000000013970,7736905.059999999590218,24K,"1"
359722.030000000027940,7736821.950000000186265,24K,"1"
359666.059999999997672,7736739.080000000074506,24K,"1"
359609.719999999972060,7736656.459999999962747,24K,"1"
359553.059999999997672,7736574.059999999590218,24K,"1"
359496.090000000025611,7736491.879999999888241,24K,"1"
359438.799999999988358,7736409.910000000149012,24K,"1"
359381.179999999993015,7736328.190000000409782,24K,"1"
359323.159999999974389,7736246.740000000223517,24K,"1"
359263.650000000023283,7736166.389999999664724,24K,"1"
359206.489999999990687,7736084.349999999627471,24K,"1"
359153.059999999997672,7735999.830000000074506,24K,"1"
359103.479999999981374,7735912.990000000223517,24K,"1"
359057.830000000016298,7735824.030000000260770,24K,"1"
359016.229999999981374,7735733.110000000335276,24K,"1"
358985.500000000000000,7735638.120000000111759,24K,"1"
358961.250000000000000,7735541.110000000335276,24K,"1"
358940.989999999990687,7735443.190000000409782,24K,"1"
358924.530000000027940,7735344.559999999590218,24K,"1"
358911.890000000013970,7735245.370000000111759,24K,"1"
358903.320000000006985,7735145.750000000000000,24K,"1"
358898.609999999986030,7735045.870000000111759,24K,"1"
358897.770000000018626,7734945.879999999888241,24K,"1"
358903.799999999988358,7734846.120000000111759,24K,"1"
358912.900000000023283,7734746.540000000037253,24K,"1"
358922.000000000000000,7734646.950000000186265,24K,"1"
358931.099999999976717,7734547.370000000111759,24K,"1"
358939.750000000000000,7734447.759999999776483,24K,"1"
358940.219999999972060,7734347.799999999813735,24K,"1"
358932.179999999993015,7734248.150000000372529,24K,"1"
358915.440000000002328,7734149.599999999627471,24K,"1"
358885.799999999988358,7734054.299999999813735,24K,"1"
358850.460000000020955,7733960.759999999776483,24K,"1"
358814.020000000018626,7733867.629999999888241,24K,"1"
358776.590000000025611,7733774.900000000372529,24K,"1"
358738.219999999972060,7733682.559999999590218,24K,"1"
358698.900000000023283,7733590.610000000335276,24K,"1"
358658.520000000018626,7733499.129999999888241,24K,"1"
358617.159999999974389,7733408.080000000074506,24K,"1"
358574.859999999986030,7733317.469999999739230,24K,"1"
358526.179999999993015,7733230.230000000447035,24K,"1"
358469.940000000002328,7733147.580000000074506,24K,"1"
358407.880000000004657,7733069.200000000186265,24K,"1"
358340.320000000006985,7732995.509999999776483,24K,"1"
358267.609999999986030,7732926.889999999664724,24K,"1"
358190.140000000013970,7732863.690000000409782,24K,"1"
358108.250000000000000,7732806.330000000074506,24K,"1"
358025.729999999981374,7732749.940000000409782,24K,"1"
357950.890000000013970,7732683.719999999739230,24K,"1"
357885.359999999986030,7732608.269999999552965,24K,"1"
357830.250000000000000,7732524.910000000149012,24K,"1"
357786.510000000009313,7732435.059999999590218,24K,"1"
357754.880000000004657,7732340.280000000260770,24K,"1"
357735.900000000023283,7732242.169999999925494,24K,"1"
357729.890000000013970,7732142.429999999701977,24K,"1"
357736.510000000009313,7732042.709999999962747,24K,"1"
357744.869999999995343,7731943.059999999590218,24K,"2"
357753.330000000016298,7731843.410000000149012,24K,"2"
357762.000000000000000,7731743.790000000037253,24K,"2"
357770.840000000025611,7731644.179999999701977,24K,"2"
357779.820000000006985,7731544.589999999850988,24K,"2"
357789.059999999997672,7731445.009999999776483,24K,"2"
357798.369999999995343,7731345.450000000186265,24K,"2"
357807.960000000020955,7731245.910000000149012,24K,"2"
357812.210000000020955,7731146.269999999552965,24K,"1"
357800.940000000002328,7731046.940000000409782,24K,"1"
357781.710000000020955,7730948.839999999850988,24K,"1"
357748.349999999976717,7730855.370000000111759,24K,"1"
357691.590000000025611,7730773.120000000111759,24K,"1"
357625.190000000002328,7730698.450000000186265,24K,"1"
357550.049999999988358,7730632.570000000298023,24K,"1"
357471.250000000000000,7730571.009999999776483,24K,"1"
357392.450000000011642,7730509.440000000409782,24K,"1"
357313.489999999990687,7730448.070000000298023,24K,"1"
357234.530000000027940,7730386.700000000186265,24K,"1"
357155.460000000020955,7730325.490000000223517,24K,"1"
357076.349999999976717,7730264.320000000298023,24K,"1"
356997.159999999974389,7730203.259999999776483,24K,"1"
356917.890000000013970,7730142.299999999813735,24K,"1"
356838.580000000016298,7730081.389999999664724,24K,"1"
356759.150000000023283,7730020.629999999888241,24K,"1"
356679.729999999981374,7729959.870000000111759,24K,"1"
356601.289999999979045,7729897.849999999627471,24K,"1"
356522.849999999976717,7729835.820000000298023,24K,"1"
356444.419999999983702,7729773.790000000037253,24K,"1"
356365.979999999981374,7729711.750000000000000,24K,"1"
356287.539999999979045,7729649.719999999739230,24K,"1"
356209.109999999986030,7729587.690000000409782,24K,"1"
356130.669999999983702,7729525.660000000149012,24K,"1"
356051.719999999972060,7729464.309999999590218,24K,"1"
355972.840000000025611,7729402.870000000111759,24K,"1"
355897.219999999972060,7729337.450000000186265,24K,"1"
355825.239999999990687,7729268.049999999813735,24K,"1"
355756.929999999993015,7729195.040000000037253,24K,"1"
355692.559999999997672,7729118.540000000037253,24K,"1"
355635.260000000009313,7729036.580000000074506,24K,"1"
355577.479999999981374,7728954.959999999962747,24K,"1"
355519.250000000000000,7728873.669999999925494,24K,"1"
355460.549999999988358,7728792.709999999962747,24K,"1"
355401.390000000013970,7728712.089999999850988,24K,"1"
355341.770000000018626,7728631.799999999813735,24K,"1"
355281.700000000011642,7728551.849999999627471,24K,"1"
355221.150000000023283,7728472.280000000260770,24K,"1"
355160.090000000025611,7728393.080000000074506,24K,"1"
355101.179999999993015,7728312.280000000260770,24K,"1"
355042.880000000004657,7728231.040000000037253,24K,"1"
354984.580000000016298,7728149.790000000037253,24K,"1"
354926.270000000018626,7728068.549999999813735,24K,"1"
354867.969999999972060,7727987.299999999813735,24K,"1"
354809.669999999983702,7727906.059999999590218,24K,"1"
354751.359999999986030,7727824.809999999590218,24K,"1"
354693.059999999997672,7727743.570000000298023,24K,"1"
354634.760000000009313,7727662.320000000298023,24K,"1"
354576.450000000011642,7727581.080000000074506,24K,"1"
354518.150000000023283,7727499.839999999850988,24K,"1"
354459.840000000025611,7727418.589999999850988,24K,"1"
354401.539999999979045,7727337.349999999627471,24K,"1"
354343.239999999990687,7727256.099999999627471,24K,"1"
354284.929999999993015,7727174.860000000335276,24K,"1"
354226.630000000004657,7727093.610000000335276,24K,"1"
354168.330000000016298,7727012.370000000111759,24K,"1"
354109.940000000002328,7726931.179999999701977,24K,"1"
354051.539999999979045,7726850.000000000000000,24K,"1"
353993.140000000013970,7726768.830000000074506,24K,"1"
353934.739999999990687,7726687.650000000372529,24K,"1"
353876.440000000002328,7726606.410000000149012,24K,"1"
353818.140000000013970,7726525.160000000149012,24K,"1"
353759.830000000016298,7726443.919999999925494,24K,"1"
353701.539999999979045,7726362.669999999925494,24K,"1"
353643.340000000025611,7726281.349999999627471,24K,"1"
353585.130000000004657,7726200.040000000037253,24K,"1"
353526.919999999983702,7726118.719999999739230,24K,"1"
353469.849999999976717,7726036.639999999664724,24K,"1"
353414.590000000025611,7725953.299999999813735,24K,"1"
353357.750000000000000,7725871.019999999552965,24K,"1"
353310.309999999997672,7725783.400000000372529,24K,"1"
353268.080000000016298,7725692.750000000000000,24K,"1"
353225.859999999986030,7725602.110000000335276,24K,"1"
353183.630000000004657,7725511.459999999962747,24K,"1"
353141.400000000023283,7725420.809999999590218,24K,"1"
353099.179999999993015,7725330.160000000149012,24K,"1"
353056.950000000011642,7725239.519999999552965,24K,"1"
353014.719999999972060,7725148.870000000111759,24K,"1"
352972.500000000000000,7725058.219999999739230,24K,"1"
352930.270000000018626,7724967.580000000074506,24K,"1"
352888.049999999988358,7724876.929999999701977,24K,"1"
352846.000000000000000,7724786.200000000186265,24K,"1"
352804.000000000000000,7724695.450000000186265,24K,"1"
352761.989999999990687,7724604.700000000186265,24K,"1"
352719.849999999976717,7724514.009999999776483,24K,"1"
352677.690000000002328,7724423.330000000074506,24K,"1"
352635.530000000027940,7724332.650000000372529,24K,"1"
352593.229999999981374,7724242.040000000037253,24K,"1"
352550.929999999993015,7724151.419999999925494,24K,"1"
352508.609999999986030,7724060.820000000298023,24K,"1"
352466.169999999983702,7723970.280000000260770,24K,"1"
352423.719999999972060,7723879.730000000447035,24K,"1"
352381.440000000002328,7723789.110000000335276,24K,"1"
352335.200000000011642,7723700.469999999739230,24K,"1"
352282.049999999988358,7723615.809999999590218,24K,"1"
352222.369999999995343,7723535.599999999627471,24K,"1"
352156.359999999986030,7723460.519999999552965,24K,"1"
352084.049999999988358,7723391.480000000447035,24K,"1"
352009.349999999976717,7723325.009999999776483,24K,"1"
351932.750000000000000,7723260.730000000447035,24K,"1"
351854.330000000016298,7723198.690000000409782,24K,"1"
351773.909999999974389,7723139.280000000260770,24K,"1"
351697.849999999976717,7723074.530000000260770,24K,"1"
351632.630000000004657,7722998.860000000335276,24K,"1"
351580.010000000009313,7722913.940000000409782,24K,"1"
351541.039999999979045,7722821.959999999962747,24K,"1"
351516.909999999974389,7722725.030000000260770,24K,"1"
351505.289999999979045,7722625.719999999739230,24K,"1"
351494.239999999990687,7722526.330000000074506,24K,"1"
351483.200000000011642,7722426.940000000409782,24K,"1"
351472.159999999974389,7722327.549999999813735,24K,"1"
351461.119999999995343,7722228.169999999925494,24K,"1"
351450.070000000006985,7722128.780000000260770,24K,"1"
351439.030000000027940,7722029.389999999664724,24K,"1"
351427.989999999990687,7721930.000000000000000,24K,"1"
351416.940000000002328,7721830.610000000335276,24K,"1"
351405.900000000023283,7721731.219999999739230,24K,"1"
351394.859999999986030,7721631.839999999850988,24K,"1"
351383.809999999997672,7721532.450000000186265,24K,"1"
351373.840000000025611,7721432.959999999962747,24K,"1"
351365.479999999981374,7721333.309999999590218,24K,"1"
351355.640000000013970,7721233.799999999813735,24K,"1"
351344.299999999988358,7721134.440000000409782,24K,"1"
351331.630000000004657,7721035.250000000000000,24K,"1"
351317.369999999995343,7720936.269999999552965,24K,"1"
351301.729999999981374,7720837.500000000000000,24K,"1"
351284.549999999988358,7720739.000000000000000,24K,"1"
351262.450000000011642,7720641.469999999739230,24K,"1"
351237.260000000009313,7720544.709999999962747,24K,"1"
351208.989999999990687,7720448.790000000037253,24K,"1"
351177.679999999993015,7720353.820000000298023,24K,"1"
351143.359999999986030,7720259.900000000372529,24K,"1"
351106.239999999990687,7720167.049999999813735,24K,"1"
351068.710000000020955,7720074.360000000335276,24K,"1"
351030.979999999981374,7719981.750000000000000,24K,"1"
350993.010000000009313,7719889.240000000223517,24K,"1"
350954.679999999993015,7719796.879999999888241,24K,"1"
350916.179999999993015,7719704.580000000074506,24K,"1"
350877.320000000006985,7719612.440000000409782,24K,"1"
350821.000000000000000,7719532.320000000298023,24K,"1"
350767.909999999974389,7719447.660000000149012,24K,"1"
350714.570000000006985,7719363.070000000298023,24K,"1"
350660.510000000009313,7719278.950000000186265,24K,"1"
350592.229999999981374,7719207.440000000409782,24K,"1"
350496.869999999995343,7719182.030000000260770,24K,"1"
350401.750000000000000,7719210.110000000335276,24K,"1"
350310.190000000002328,7719250.280000000260770,24K,"1"
350223.309999999997672,7719299.139999999664724,24K,"1"
350141.770000000018626,7719357.030000000260770,24K,"1"
350060.340000000025611,7719415.070000000298023,24K,"1"
349979.030000000027940,7719473.290000000037253,24K,"1"
349897.869999999995343,7719531.700000000186265,24K,"1"
349816.799999999988358,7719590.259999999776483,24K,"1"
349732.479999999981374,7719643.830000000074506,24K,"1"
349643.260000000009313,7719688.940000000409782,24K,"1"
349549.799999999988358,7719723.570000000298023,24K,"1"
349451.859999999986030,7719743.740000000223517,24K,"1"
349353.869999999995343,7719763.679999999701977,24K,"1"
349255.840000000025611,7719783.450000000186265,24K,"1"
349157.739999999990687,7719802.849999999627471,24K,"1"
349059.609999999986030,7719822.099999999627471,24K,"1"
348961.429999999993015,7719841.080000000074506,24K,"1"
348863.349999999976717,7719860.549999999813735,24K,"1"
348764.530000000027940,7719875.830000000074506,24K,"1"
348665.020000000018626,7719885.549999999813735,24K,"1"
348565.659999999974389,7719896.089999999850988,24K,"1"
348468.969999999972060,7719921.209999999962747,24K,"1"
348377.099999999976717,7719960.459999999962747,24K,"1"
348292.690000000002328,7720013.910000000149012,24K,"1"
348209.590000000025611,7720069.540000000037253,24K,"1"
348126.840000000025611,7720125.599999999627471,24K,"1"
348035.559999999997672,7720165.860000000335276,24K,"1"
347937.489999999990687,7720184.209999999962747,24K,"1"
347837.619999999995343,7720189.349999999627471,24K,"1"
347737.690000000002328,7720192.969999999739230,24K,"1"
347637.710000000020955,7720194.839999999850988,24K,"1"
347537.710000000020955,7720195.120000000111759,24K,"1"
347437.719999999972060,7720193.730000000447035,24K,"1"
347337.830000000016298,7720189.730000000447035,24K,"1"
347237.909999999974389,7720187.709999999962747,24K,"1"
347138.390000000013970,7720196.870000000111759,24K,"1"
347040.979999999981374,7720218.410000000149012,24K,"1"
346947.880000000004657,7720254.719999999739230,24K,"1"
346851.070000000006985,7720279.480000000447035,24K,"1"
346751.960000000020955,7720292.320000000298023,24K,"1"
346652.070000000006985,7720295.240000000223517,24K,"1"
346552.190000000002328,7720299.259999999776483,24K,"1"
346452.320000000006985,7720294.730000000447035,24K,"1"
346353.530000000027940,7720280.330000000074506,24K,"1"
346257.770000000018626,7720251.519999999552965,24K,"1"
346161.799999999988358,7720223.410000000149012,24K,"1"
346065.630000000004657,7720195.980000000447035,24K,"1"
345967.609999999986030,7720177.929999999701977,24K,"1"
345868.159999999974389,7720167.480000000447035,24K,"1"
345768.590000000025611,7720158.200000000186265,24K,"1"
345668.929999999993015,7720149.919999999925494,24K,"1"
345569.200000000011642,7720142.629999999888241,24K,"1"
345469.500000000000000,7720134.959999999962747,24K,"1"
345369.570000000006985,7720131.679999999701977,24K,"1"
345269.590000000025611,7720133.490000000223517,24K,"1"
345169.830000000016298,7720140.139999999664724,24K,"1"
345070.510000000009313,7720151.690000000409782,24K,"1"
344971.289999999979045,7720163.309999999590218,24K,"1"
344872.330000000016298,7720151.389999999664724,24K,"1"
344780.140000000013970,7720113.459999999962747,24K,"1"
344701.429999999993015,7720052.280000000260770,24K,"1"
344641.940000000002328,7719972.269999999552965,24K,"1"
344601.239999999990687,7719880.990000000223517,24K,"1"
344559.039999999979045,7719790.339999999850988,24K,"1"
344512.840000000025611,7719701.669999999925494,24K,"1"
344462.659999999974389,7719615.179999999701977,24K,"1"
344402.630000000004657,7719535.769999999552965,24K,"1"
344343.309999999997672,7719455.389999999664724,24K,"1"
344297.150000000023283,7719366.799999999813735,24K,"1"
344265.950000000011642,7719271.969999999739230,24K,"1"
344242.590000000025611,7719174.740000000223517,24K,"1"
344219.239999999990687,7719077.500000000000000,24K,"1"
344195.890000000013970,7718980.259999999776483,24K,"1"
344173.520000000018626,7718882.839999999850988,24K,"1"
344130.619999999995343,7718793.000000000000000,24K,"1"
344061.369999999995343,7718721.570000000298023,24K,"1"
343979.710000000020955,7718663.849999999627471,24K,"1"
343898.049999999988358,7718606.139999999664724,24K,"1"
343816.380000000004657,7718548.419999999925494,24K,"1"
343734.719999999972060,7718490.700000000186265,24K,"1"
343652.840000000025611,7718433.339999999850988,24K,"1"
343560.659999999974389,7718395.730000000447035,24K,"1"
343461.320000000006985,7718389.349999999627471,24K,"1"
343363.710000000020955,7718410.469999999739230,24K,"1"
343264.229999999981374,7718417.610000000335276,24K,"1"
343166.049999999988358,7718400.030000000260770,24K,"1"
343075.140000000013970,7718359.000000000000000,24K,"1"
342995.820000000006985,7718298.299999999813735,24K,"1"
342921.309999999997672,7718231.620000000111759,24K,"1"
342850.710000000020955,7718160.830000000074506,24K,"1"
342782.700000000011642,7718087.559999999590218,24K,"1"
342704.880000000004657,7718024.950000000186265,24K,"1"
342617.260000000009313,7717977.040000000037253,24K,"1"
342522.590000000025611,7717945.250000000000000,24K,"1"
342423.809999999997672,7717930.660000000149012,24K,"1"
342323.929999999993015,7717925.830000000074506,24K,"1"
342224.010000000009313,7717921.860000000335276,24K,"1"
342124.059999999997672,7717918.740000000223517,24K,"1"
342024.080000000016298,7717916.540000000037253,24K,"1"
341924.419999999983702,7717912.240000000223517,24K,"1"
341866.190000000002328,7717838.769999999552965,24K,"1"
341806.299999999988358,7717761.580000000074506,24K,"1"
341709.820000000006985,7717740.969999999739230,24K,"1"
341609.880000000004657,7717737.889999999664724,24K,"1"
341510.190000000002328,7717743.209999999962747,24K,"1"
341411.039999999979045,7717734.059999999590218,24K,"1"
341319.409999999974389,7717694.980000000447035,24K,"1"
341229.219999999972060,7717651.830000000074506,24K,"1"
341141.989999999990687,7717602.969999999739230,24K,"1"
341058.080000000016298,7717548.599999999627471,24K,"1"
340980.460000000020955,7717485.830000000074506,24K,"1"
340906.520000000018626,7717418.500000000000000,24K,"1"
340832.580000000016298,7717351.179999999701977,24K,"1"
340756.969999999972060,7717285.790000000037253,24K,"1"
340685.929999999993015,7717215.490000000223517,24K,"1"
340627.429999999993015,7717135.089999999850988,24K,"1"
340584.340000000025611,7717044.860000000335276,24K,"1"
340538.489999999990687,7716955.990000000223517,24K,"1"
340486.700000000011642,7716871.000000000000000,24K,"1"
340403.010000000009313,7716818.240000000223517,24K,"1"
340304.239999999990687,7716812.759999999776483,24K,"1"
340207.119999999995343,7716836.530000000260770,24K,"1"
340109.750000000000000,7716858.250000000000000,24K,"1"
340011.880000000004657,7716842.320000000298023,24K,"1"
339930.989999999990687,7716785.110000000335276,24K,"1"
339865.429999999993015,7716709.599999999627471,24K,"1"
339799.799999999988358,7716634.150000000372529,24K,"1"
339734.039999999979045,7716558.820000000298023,24K,"1"
339668.140000000013970,7716483.599999999627471,24K,"1"
339602.159999999974389,7716408.450000000186265,24K,"1"
339536.000000000000000,7716333.469999999739230,24K,"1"
339469.619999999995343,7716258.690000000409782,24K,"1"
339391.869999999995343,7716196.269999999552965,24K,"1"
339300.380000000004657,7716156.639999999664724,24K,"1"
339202.159999999974389,7716138.200000000186265,24K,"1"
339102.770000000018626,7716132.419999999925494,24K,"1"
339009.200000000011642,7716098.919999999925494,24K,"1"
338934.940000000002328,7716032.879999999888241,24K,"1"
338887.940000000002328,7715945.000000000000000,24K,"1"
338828.109999999986030,7715865.429999999701977,24K,"1"
338745.799999999988358,7715809.429999999701977,24K,"1"
338655.210000000020955,7715767.389999999664724,24K,"1"
338570.049999999988358,7715715.059999999590218,24K,"1"
338490.989999999990687,7715653.900000000372529,24K,"1"
338414.770000000018626,7715589.549999999813735,24K,"1"
338324.419999999983702,7715547.469999999739230,24K,"1"
338226.880000000004657,7715525.620000000111759,24K,"1"
338130.159999999974389,7715500.290000000037253,24K,"1"
338035.260000000009313,7715468.849999999627471,24K,"1"
337943.979999999981374,7715428.599999999627471,24K,"1"
337857.669999999983702,7715378.099999999627471,24K,"1"
337771.090000000025611,7715328.059999999590218,24K,"1"
337684.229999999981374,7715278.509999999776483,24K,"1"
337599.880000000004657,7715225.910000000149012,24K,"1"
337543.880000000004657,7715143.990000000223517,24K,"1"
337526.809999999997672,7715046.250000000000000,24K,"1"
337544.590000000025611,7714948.000000000000000,24K,"1"
337567.130000000004657,7714850.629999999888241,24K,"1"
337568.080000000016298,7714751.059999999590218,24K,"1"
337537.880000000004657,7714656.179999999701977,24K,"1"
337485.419999999983702,7714571.299999999813735,24K,"1"
337449.099999999976717,7714478.320000000298023,24K,"1"
337432.190000000002328,7714379.929999999701977,24K,"1"
337432.340000000025611,7714280.009999999776483,24K,"1"
337405.309999999997672,7714184.530000000260770,24K,"1"
337340.280000000027940,7714110.209999999962747,24K,"1"
337254.450000000011642,7714058.929999999701977,24K,"1"
337171.869999999995343,7714002.559999999590218,24K,"1"
337092.909999999974389,7713941.219999999739230,24K,"1"
337016.059999999997672,7713877.360000000335276,24K,"1"
336944.349999999976717,7713808.019999999552965,24K,"1"
336891.400000000023283,7713723.480000000447035,24K,"1"
336866.010000000009313,7713626.830000000074506,24K,"1"
336846.929999999993015,7713528.679999999701977,24K,"1"
336833.809999999997672,7713429.559999999590218,24K,"1"
336817.460000000020955,7713331.110000000335276,24K,"1"
336819.630000000004657,7713231.419999999925494,24K,"1"
336847.390000000013970,7713135.650000000372529,24K,"1"
336898.869999999995343,7713050.269999999552965,24K,"1"
336960.530000000027940,7712971.629999999888241,24K,"1"
337010.979999999981374,7712885.419999999925494,24K,"1"
337072.479999999981374,7712806.570000000298023,24K,"1"
337131.260000000009313,7712725.679999999701977,24K,"1"
337178.679999999993015,7712637.980000000447035,24K,"1"
337206.849999999976717,7712542.200000000186265,24K,"1"
337215.950000000011642,7712442.780000000260770,24K,"1"
337202.710000000020955,7712343.940000000409782,24K,"1"
337183.609999999986030,7712245.780000000260770,24K,"1"
337165.950000000011642,7712147.349999999627471,24K,"1"
337147.450000000011642,7712049.080000000074506,24K,"1"
337128.119999999995343,7711950.959999999962747,24K,"1"
337107.960000000020955,7711853.019999999552965,24K,"1"
337086.320000000006985,7711755.400000000372529,24K,"1"
337072.960000000020955,7711656.530000000260770,24K,"1"
337082.429999999993015,7711557.209999999962747,24K,"1"
337114.460000000020955,7711462.709999999962747,24K,"1"
337169.530000000027940,7711379.839999999850988,24K,"1"
337234.010000000009313,7711303.400000000372529,24K,"1"
337298.119999999995343,7711226.669999999925494,24K,"1"
337343.599999999976717,7711138.169999999925494,24K,"1"
337356.609999999986030,7711039.530000000260770,24K,"1"
337335.700000000011642,7710942.250000000000000,24K,"1"
337280.260000000009313,7710860.200000000186265,24K,"1"
337211.400000000023283,7710787.679999999701977,24K,"1"
337142.549999999988358,7710715.160000000149012,24K,"1"
337073.820000000006985,7710642.530000000260770,24K,"1"
337005.080000000016298,7710569.900000000372529,24K,"1"
336936.440000000002328,7710497.169999999925494,24K,"1"
336867.830000000016298,7710424.419999999925494,24K,"1"
336794.559999999997672,7710356.679999999701977,24K,"1"
336717.140000000013970,7710293.379999999888241,24K,"1"
336639.729999999981374,7710230.080000000074506,24K,"1"
336562.309999999997672,7710166.769999999552965,24K,"1"
336484.900000000023283,7710103.469999999739230,24K,"1"
336406.919999999983702,7710040.929999999701977,24K,"1"
336326.650000000023283,7709981.379999999888241,24K,"1"
336253.190000000002328,7709913.599999999627471,24K,"1"
336188.119999999995343,7709837.839999999850988,24K,"1"
336133.010000000009313,7709754.400000000372529,24K,"1"
336080.010000000009313,7709669.610000000335276,24K,"1"
336029.140000000013970,7709583.519999999552965,24K,"1"
335980.489999999990687,7709496.150000000372529,24K,"1"
335930.869999999995343,7709409.429999999701977,24K,"1"
335894.549999999988358,7709316.370000000111759,24K,"1"
335873.609999999986030,7709218.790000000037253,24K,"1"
335868.679999999993015,7709118.910000000149012,24K,"1"
335862.150000000023283,7709019.120000000111759,24K,"1"
335854.070000000006985,7708919.450000000186265,24K,"1"
335844.239999999990687,7708819.940000000409782,24K,"1"
335840.270000000018626,7708720.089999999850988,24K,"1"
335838.659999999974389,7708620.110000000335276,24K,"1"
335841.469999999972060,7708520.240000000223517,24K,"1"
335858.559999999997672,7708421.799999999813735,24K,"1"
335889.650000000023283,7708326.849999999627471,24K,"1"
335936.250000000000000,7708238.820000000298023,24K,"1"
335996.200000000011642,7708158.780000000260770,24K,"1"
336055.640000000013970,7708078.360000000335276,24K,"1"
336114.590000000025611,7707997.589999999850988,24K,"1"
336173.000000000000000,7707916.419999999925494,24K,"1"
336229.960000000020955,7707834.230000000447035,24K,"1"
336286.820000000006985,7707751.969999999739230,24K,"1"
336343.679999999993015,7707669.700000000186265,24K,"1"
336401.239999999990687,7707587.980000000447035,24K,"1"
336472.830000000016298,7707518.410000000149012,24K,"1"
336556.729999999981374,7707464.330000000074506,24K,"1"
336649.650000000023283,7707427.849999999627471,24K,"1"
336747.979999999981374,7707410.530000000260770,24K,"1"
336847.489999999990687,7707400.700000000186265,24K,"1"
336947.289999999979045,7707394.440000000409782,24K,"1"
337047.190000000002328,7707390.269999999552965,24K,"1"
337146.270000000018626,7707377.150000000372529,24K,"1"
337238.789999999979045,7707341.929999999701977,24K,"1"
337326.690000000002328,7707294.259999999776483,24K,"1"
337414.599999999976717,7707246.580000000074506,24K,"1"
337502.989999999990687,7707199.959999999962747,24K,"1"
337587.700000000011642,7707147.730000000447035,24K,"1"
337650.659999999974389,7707070.650000000372529,24K,"1"
337683.570000000006985,7706976.889999999664724,24K,"1"
337704.869999999995343,7706879.200000000186265,24K,"1"
337734.780000000027940,7706784.009999999776483,24K,"1"
337789.530000000027940,7706700.719999999739230,24K,"1"
337864.859999999986030,7706635.459999999962747,24K,"1"
337954.190000000002328,7706590.860000000335276,24K,"1"
338040.390000000013970,7706540.379999999888241,24K,"1"
338117.150000000023283,7706476.540000000037253,24K,"1"
338184.130000000004657,7706402.299999999813735,24K,"1"
338247.099999999976717,7706324.629999999888241,24K,"1"
338300.469999999972060,7706240.599999999627471,24K,"1"
338344.109999999986030,7706150.629999999888241,24K,"1"
338388.710000000020955,7706061.129999999888241,24K,"1"
338434.200000000011642,7705972.070000000298023,24K,"1"
338480.059999999997672,7705883.209999999962747,24K,"1"
338525.909999999974389,7705794.339999999850988,24K,"1"
338184.000000000000000,7705443.000000000000000,24K,"1"
